<?xml version="1.0" encoding="UTF-8"?>
<metadata>
	<layout title="COM_TAGS_TAGS_VIEW_DEFAULT_TITLE" option="COM_TAGS_TAG_VIEW_DEFAULT_OPTION">
		<help
			key="Menu_Item:_List_All_Tags"
		/>
		<message>
			<![CDATA[COM_TAGS_TAGS_VIEW_DEFAULT_DESC]]>
		</message>
	</layout>
	<!-- Add fields to the request variables for the layout. -->
	<fields name="request">
		<fieldset name="request">

			<field
				name="parent_id"
				type="tag"
				label="COM_TAGS_FIELD_PARENT_TAG_LABEL"
				mode="nested"
				>
				<option value="">JNONE</option>
				<option value="1">JGLOBAL_ROOT</option>
			</field>

			<field
				name="tag_list_language_filter"
				type="contentlanguage"
				label="COM_TAGS_FIELD_LANGUAGE_FILTER_LABEL"
				default=""
				useglobal="true"
				>
				<option value="all">JALL</option>
				<option value="current_language">JCURRENT</option>
			</field>

		</fieldset>
	</fields>
	<!-- Add fields to the parameters object for the layout. -->
	<fields name="params">
		<fieldset name="basic">

			<field
				name="tag_columns"
				type="number"
				label="COM_TAGS_COMPACT_COLUMNS_LABEL"
				default="4"
				filter="integer"
			/>

			<field
				name="all_tags_description"
				type="textarea"
				label="COM_TAGS_ALL_TAGS_DESCRIPTION_LABEL"
				rows="3"
				cols="30"
				filter="safehtml"
			/>

			<field
				name="all_tags_show_description_image"
				type="list"
				label="COM_TAGS_SHOW_ALL_TAGS_IMAGE_LABEL"
				class="form-select-color-state"
				validate="options"
				>
				<option value="">JGLOBAL_USE_GLOBAL</option>
				<option value="0">JHIDE</option>
				<option value="1">JSHOW</option>
			</field>

			<field
				name="all_tags_description_image"
				type="media"
				schemes="http,https,ftp,ftps,data,file"
				validate="url"
				relative="true"
				label="COM_TAGS_ALL_TAGS_MEDIA_LABEL"
			/>

			<field
				name="all_tags_description_image_alt"
				type="text"
				label="COM_TAGS_TAG_LIST_MEDIA_ALT_LABEL"
			/>

			<field
				name="all_tags_description_image_alt_empty"
				type="checkbox"
				label="COM_TAGS_TAG_LIST_MEDIA_ALT_EMPTY_LABEL"
				description="COM_TAGS_TAG_LIST_MEDIA_ALT_EMPTY_DESC"
			/>
			<field
				name="all_tags_orderby"
				type="list"
				label="JGLOBAL_FIELD_FIELD_ORDERING_LABEL"
				useglobal="true"
				validate="options"
				>
				<option value="title">JGLOBAL_TITLE</option>
				<option value="hits">JGLOBAL_HITS</option>
				<option value="created_time">JGLOBAL_CREATED_DATE</option>
				<option value="modified_time">JGLOBAL_MODIFIED_DATE</option>
				<option value="publish_up">JGLOBAL_PUBLISHED_DATE</option>
			</field>

			<field
				name="all_tags_orderby_direction"
				type="list"
				label="JGLOBAL_ORDER_DIRECTION_LABEL"
				useglobal="true"
				validate="options"
				>
				<option value="ASC">JGLOBAL_ORDER_ASCENDING</option>
				<option value="DESC">JGLOBAL_ORDER_DESCENDING</option>
			</field>

			<field
				name="all_tags_show_tag_image"
				type="list"
				label="COM_TAGS_SHOW_ITEM_IMAGE_LABEL"
				useglobal="true"
				class="form-select-color-state"
				validate="options"
				>
				<option value="0">JHIDE</option>
				<option value="1">JSHOW</option>
			</field>

			<field
				name="all_tags_show_tag_description"
				type="list"
				label="COM_TAGS_SHOW_ITEM_DESCRIPTION_LABEL"
				class="form-select-color-state"
				validate="options"
				>
				<option value="">JGLOBAL_USE_GLOBAL</option>
				<option value="0">JHIDE</option>
				<option value="1">JSHOW</option>
			</field>

			<field
				name="all_tags_tag_maximum_characters"
				type="number"
				label="COM_TAGS_LIST_MAX_CHARACTERS_LABEL"
				filter="integer"
			/>

			<field
				name="all_tags_show_tag_hits"
				type="list"
				label="JGLOBAL_HITS"
				useglobal="true"
				class="form-select-color-state"
				validate="options"
				>
				<option value="0">JHIDE</option>
				<option value="1">JSHOW</option>
			</field>

		</fieldset>
		<fieldset
			name="selection"
			label="COM_TAGS_LIST_ALL_SELECTION_OPTIONS">

			<field
				name="maximum"
				type="number"
				label="COM_TAGS_LIST_MAX_LABEL"
				default="200"
				filter="integer"
			/>

			<field
				name="filter_field"
				type="list"
				label="JGLOBAL_FILTER_FIELD_LABEL"
				default=""
				useglobal="true"
				class="form-select-color-state"
				validate="options"
				>
				<option value="0">JHIDE</option>
				<option value="1">JSHOW</option>
			</field>

			<field
				name="show_pagination_limit"
				type="list"
				label="JGLOBAL_DISPLAY_SELECT_LABEL"
				useglobal="true"
				class="form-select-color-state"
				validate="options"
				>
				<option value="0">JHIDE</option>
				<option value="1">JSHOW</option>
			</field>

			<field
				name="show_pagination"
				type="list"
				label="JGLOBAL_PAGINATION_LABEL"
				useglobal="true"
				class="form-select-color-state"
				validate="options"
				>
				<option value="0">JHIDE</option>
				<option value="1">JSHOW</option>
				<option value="2">JGLOBAL_AUTO</option>
			</field>

			<field
				name="show_pagination_results"
				type="list"
				label="JGLOBAL_PAGINATION_RESULTS_LABEL"
				useglobal="true"
				class="form-select-color-state"
				validate="options"
				>
				<option value="0">JHIDE</option>
				<option value="1">JSHOW</option>
			</field>

		</fieldset>
		<fieldset name="integration">
			<field
				name="show_feed_link"
				type="list"
				label="JGLOBAL_SHOW_FEED_LINK_LABEL"
				useglobal="true"
				class="form-select-color-state"
				validate="options"
				>
				<option value="0">JHIDE</option>
				<option value="1">JSHOW</option>
			</field>

		</fieldset>
	</fields>
</metadata>
