<?xml version="1.0" encoding="UTF-8"?>
<metadata>
	<layout title="COM_CONTACT_CONTACT_VIEW_DEFAULT_TITLE" option="COM_CONTACT_CONTACT_VIEW_DEFAULT_OPTION">
		<help
			key = "Menu_Item:_Single_Contact"
		/>
		<message>
			<![CDATA[COM_CONTACT_CONTACT_VIEW_DEFAULT_DESC]]>
		</message>
	</layout>

	<!-- Add fields to the request variables for the layout. -->
	<fields name="request">
		<fieldset name="request"
			addfieldprefix="Joomla\Component\Contact\Administrator\Field"
		>
			<field
				name="id"
				type="modal_contact"
				label="COM_CONTACT_SELECT_CONTACT_LABEL"
				required="true"
				select="true"
				new="true"
				edit="true"
				clear="true"
			/>
		</fieldset>
	</fields>

	<!-- Add fields to the parameters object for the layout. -->
	<fields name="params">

		<!-- Basic options. -->
		<fieldset name="params"
			label="COM_CONTACT_BASIC_OPTIONS_FIELDSET_LABEL"
			>

			<field
				name="show_contact_category"
				type="list"
				label="COM_CONTACT_FIELD_CONTACT_SHOW_CATEGORY_LABEL"
				useglobal="true"
				class="form-select-color-state"
				validate="options"
				>
				<option value="hide">JHIDE</option>
				<option value="show_no_link">COM_CONTACT_FIELD_VALUE_NO_LINK</option>
				<option value="show_with_link">COM_CONTACT_FIELD_VALUE_WITH_LINK</option>
			</field>

			<field
				name="show_contact_list"
				type="list"
				label="COM_CONTACT_FIELD_CONTACT_SHOW_LIST_LABEL"
				useglobal="true"
				class="form-select-color-state"
				validate="options"
				>
				<option value="0">JHIDE</option>
				<option value="1">JSHOW</option>
			</field>

			<field
				name="show_name"
				type="list"
				label="COM_CONTACT_FIELD_PARAMS_NAME_LABEL"
				useglobal="true"
				class="form-select-color-state"
				validate="options"
				>
				<option value="0">JHIDE</option>
				<option value="1">JSHOW</option>
			</field>

			<field
				name="show_tags"
				type="list"
				label="COM_CONTACT_FIELD_SHOW_TAGS_LABEL"
				useglobal="true"
				class="form-select-color-state"
				validate="options"
				>
				<option value="0">JHIDE</option>
				<option value="1">JSHOW</option>
			</field>

			<field
				name="show_info"
				type="list"
				label="COM_CONTACT_FIELD_SHOW_INFO_LABEL"
				useglobal="true"
				class="form-select-color-state"
				validate="options"
				>
				<option value="0">JHIDE</option>
				<option value="1">JSHOW</option>
			</field>

			<field
				name="show_position"
				type="list"
				label="COM_CONTACT_FIELD_PARAMS_CONTACT_POSITION_LABEL"
				useglobal="true"
				showon="show_info:1"
				class="form-select-color-state"
				validate="options"
				>
				<option value="0">JHIDE</option>
				<option value="1">JSHOW</option>
			</field>

			<field
				name="show_email"
				type="list"
				label="JGLOBAL_EMAIL"
				useglobal="true"
				showon="show_info:1"
				class="form-select-color-state"
				validate="options"
				>
				<option value="0">JHIDE</option>
				<option value="1">JSHOW</option>
			</field>

			<field
				name="add_mailto_link"
				type="list"
				label="COM_CONTACT_FIELD_PARAMS_ADD_MAILTO_LINK_LABEL"
				useglobal="true"
				showon="show_info:1"
				class="form-select-color-state"
				validate="options"
				>
				<option value="1">JYES</option>
				<option value="0">JNO</option>
			</field>

			<field
				name="show_street_address"
				type="list"
				label="COM_CONTACT_FIELD_PARAMS_STREET_ADDRESS_LABEL"
				useglobal="true"
				showon="show_info:1"
				class="form-select-color-state"
				validate="options"
				>
				<option value="0">JHIDE</option>
				<option value="1">JSHOW</option>
			</field>

			<field
				name="show_suburb"
				type="list"
				label="COM_CONTACT_FIELD_PARAMS_TOWN-SUBURB_LABEL"
				useglobal="true"
				showon="show_info:1"
				class="form-select-color-state"
				validate="options"
				>
				<option value="0">JHIDE</option>
				<option value="1">JSHOW</option>
			</field>

			<field
				name="show_state"
				type="list"
				label="COM_CONTACT_FIELD_PARAMS_STATE-COUNTY_LABEL"
				useglobal="true"
				showon="show_info:1"
				class="form-select-color-state"
				validate="options"
				>
				<option value="0">JHIDE</option>
				<option value="1">JSHOW</option>
			</field>

			<field
				name="show_postcode"
				type="list"
				label="COM_CONTACT_FIELD_PARAMS_POST-ZIP_CODE_LABEL"
				useglobal="true"
				showon="show_info:1"
				class="form-select-color-state"
				validate="options"
				>
				<option value="0">JHIDE</option>
				<option value="1">JSHOW</option>
			</field>

			<field
				name="show_country"
				type="list"
				label="COM_CONTACT_FIELD_PARAMS_COUNTRY_LABEL"
				useglobal="true"
				showon="show_info:1"
				class="form-select-color-state"
				validate="options"
				>
				<option value="0">JHIDE</option>
				<option value="1">JSHOW</option>
			</field>

			<field
				name="show_telephone"
				type="list"
				label="COM_CONTACT_FIELD_PARAMS_TELEPHONE_LABEL"
				useglobal="true"
				showon="show_info:1"
				class="form-select-color-state"
				validate="options"
				>
				<option value="0">JHIDE</option>
				<option value="1">JSHOW</option>
			</field>

			<field
				name="show_mobile"
				type="list"
				label="COM_CONTACT_FIELD_PARAMS_MOBILE_LABEL"
				useglobal="true"
				showon="show_info:1"
				class="form-select-color-state"
				validate="options"
				>
				<option value="0">JHIDE</option>
				<option value="1">JSHOW</option>
			</field>

			<field
				name="show_fax"
				type="list"
				label="COM_CONTACT_FIELD_PARAMS_FAX_LABEL"
				useglobal="true"
				showon="show_info:1"
				class="form-select-color-state"
				validate="options"
				>
				<option value="0">JHIDE</option>
				<option value="1">JSHOW</option>
			</field>

			<field
				name="show_webpage"
				type="list"
				label="COM_CONTACT_FIELD_PARAMS_WEBPAGE_LABEL"
				useglobal="true"
				showon="show_info:1"
				class="form-select-color-state"
				validate="options"
				>
				<option value="0">JHIDE</option>
				<option value="1">JSHOW</option>
			</field>

			<field
				name="show_image"
				type="list"
				label="COM_CONTACT_FIELD_PARAMS_IMAGE_LABEL"
				useglobal="true"
				showon="show_info:1"
				class="form-select-color-state"
				validate="options"
				>
				<option value="0">JHIDE</option>
				<option value="1">JSHOW</option>
			</field>

			<field
				name="allow_vcard"
				type="list"
				label="COM_CONTACT_FIELD_PARAMS_VCARD_LABEL"
				useglobal="true"
				class="form-select-color-state"
				validate="options"
				>
				<option value="0">JHIDE</option>
				<option value="1">JSHOW</option>
			</field>

			<field
				name="show_misc"
				type="list"
				label="COM_CONTACT_FIELD_PARAMS_MISC_INFO_LABEL"
				useglobal="true"
				class="form-select-color-state"
				validate="options"
				>
				<option value="0">JHIDE</option>
				<option value="1">JSHOW</option>
			</field>

			<field
				name="show_articles"
				type="list"
				label="COM_CONTACT_FIELD_ARTICLES_SHOW_LABEL"
				useglobal="true"
				class="form-select-color-state"
				validate="options"
				>
				<option value="0">JHIDE</option>
				<option value="1">JSHOW</option>
			</field>

			<field
				name="articles_display_num"
				type="list"
				label="COM_CONTACT_FIELD_ARTICLES_DISPLAY_NUM_LABEL"
				default=""
				useglobal="true"
				validate="options"
				>
				<option value="use_contact">COM_CONTACT_FIELD_VALUE_USE_CONTACT_SETTINGS</option>
				<option value="5">J5</option>
				<option value="10">J10</option>
				<option value="15">J15</option>
				<option value="20">J20</option>
				<option value="25">J25</option>
				<option value="30">J30</option>
				<option value="50">J50</option>
				<option value="75">J75</option>
				<option value="100">J100</option>
				<option value="150">J150</option>
				<option value="200">J200</option>
				<option value="250">J250</option>
				<option value="300">J300</option>
				<option value="0">JALL</option>
			</field>

			<field
				name="show_profile"
				type="list"
				label="COM_CONTACT_FIELD_PROFILE_SHOW_LABEL"
				useglobal="true"
				class="form-select-color-state"
				validate="options"
				>
				<option value="0">JHIDE</option>
				<option value="1">JSHOW</option>
			</field>

			<field
				name="show_user_custom_fields"
				type="fieldgroups"
				label="COM_CONTACT_FIELD_USER_CUSTOM_FIELDS_SHOW_LABEL"
				multiple="true"
				context="com_users.user"
				addfieldprefix="Joomla\Component\Fields\Administrator\Field"
				layout="joomla.form.field.list-fancy-select"
				>
				<option value="-1">JALL</option>
			</field>

			<field
				name="show_links"
				type="list"
				label="COM_CONTACT_FIELD_SHOW_LINKS_LABEL"
				useglobal="true"
				class="form-select-color-state"
				validate="options"
				>
				<option value="0">JHIDE</option>
				<option value="1">JSHOW</option>
			</field>

			<field
				name="linka_name"
				type="text"
				label="COM_CONTACT_FIELD_LINKA_NAME_LABEL"
				useglobal="true"
			/>

			<field
				name="linkb_name"
				type="text"
				label="COM_CONTACT_FIELD_LINKB_NAME_LABEL"
				useglobal="true"
			/>

			<field
				name="linkc_name"
				type="text"
				label="COM_CONTACT_FIELD_LINKC_NAME_LABEL"
				useglobal="true"
			/>

			<field
				name="linkd_name"
				type="text"
				label="COM_CONTACT_FIELD_LINKD_NAME_LABEL"
				useglobal="true"
			/>

			<field
				name="linke_name"
				type="text"
				label="COM_CONTACT_FIELD_LINKE_NAME_LABEL"
				useglobal="true"
			/>
		</fieldset>

		<!-- Form options. -->
		<fieldset
			name="Contact_Form"
			label="COM_CONTACT_MAIL_FIELDSET_LABEL"
			>

			<field
				name="show_email_form"
				type="list"
				label="COM_CONTACT_FIELD_EMAIL_SHOW_FORM_LABEL"
				useglobal="true"
				class="form-select-color-state"
				validate="options"
				>
				<option value="0">JHIDE</option>
				<option value="1">JSHOW</option>
			</field>

			<field
				name="show_email_copy"
				type="list"
				label="COM_CONTACT_FIELD_EMAIL_EMAIL_COPY_LABEL"
				useglobal="true"
				class="form-select-color-state"
				validate="options"
				>
				<option value="0">JHIDE</option>
				<option value="1">JSHOW</option>
			</field>

			<field
				name="validate_session"
				type="list"
				label="COM_CONTACT_FIELD_CONFIG_SESSION_CHECK_LABEL"
				useglobal="true"
				class="form-select-color-state"
				validate="options"
				>
				<option value="0">JNO</option>
				<option value="1">JYES</option>
			</field>

			<field
				name="custom_reply"
				type="list"
				label="COM_CONTACT_FIELD_CONFIG_CUSTOM_REPLY_LABEL"
				description="COM_CONTACT_FIELD_CONFIG_CUSTOM_REPLY_DESC"
				useglobal="true"
				class="form-select-color-state"
				validate="options"
				>
				<option value="0">JNO</option>
				<option value="1">JYES</option>
			</field>

			<field
				name="redirect"
				type="text"
				label="COM_CONTACT_FIELD_CONFIG_REDIRECT_LABEL"
				useglobal="true"
			/>
		</fieldset>
	</fields>
</metadata>
