arm	route_merge	route_match	helpers_load	dispatch
A	1.4195849999999979	21.98154199999999	5.327625999999995	
B	7.8249870000000215	19.330630000000014	8.090362999999996	
B	6.131980999999996	17.718446999999998	7.600168999999994	
A	2.533412999999996	28.710891000000004	9.068556000000001	
A	1.6033000000000044	22.867126000000013	5.990803999999997	
B	12.714927000000003	28.096131999999983	9.595083000000002	
B	8.43817399999999	21.680802	7.168297999999993	
A	1.4686869999999885	20.487936999999988	5.258874000000006	
A	1.4651619999999923	27.200806999999998	5.4428450000000055	
B	6.605441000000013	18.948619000000008	7.361245999999994	
B	6.6451649999999916	18.837017000000003	6.664428999999998	
A	2.0642380000000315	19.800077999999985	8.043869	
--- tree ---
?? docs/reviews/windows-desktop-client-feasibility-2026-10-07.md
